{
    "dress": [
      {
        "id": 0,
        "imageUrl": "https://cdn-images.farfetch-contents.com/18/18/60/51/18186051_38745591_1000.jpg",
        "name": "Bottega Veneta ",
        "opis": "рубашка поло в рубчик",
        "types": [0, 1],
        "sizes": [ "S", "M" , "L"],
        "price": 40700,
        "category": 1,
        "rating": 4
      },
      {
        "id": 1,
        "imageUrl": "https://cdn-images.farfetch-contents.com/17/23/51/20/17235120_38431607_1000.jpg",
        "name": "Dion Lee ",
        "opis": "стеганая юбка мини",
        "types": [0, 1],
        "sizes": [ "S", "M" , "L"],
        "price": 26200,
        "category": 3,
        "rating": 6
      },
      {
        "id": 2,
        "imageUrl": "https://cdn-images.farfetch-contents.com/17/58/82/36/17588236_37700767_1000.jpg",
        "name": "Off-White",
        "opis": "приталенное платье мини",
        "types": [0, 1],
        "sizes": [ "M" , "L"],
        "price": 27700,
        "category": 2,
        "rating": 4
      },
      {
        "id": 3,
        "imageUrl": "https://cdn-images.farfetch-contents.com/17/50/24/40/17502440_39471068_1000.jpg",
        "name": "Louisa Ballou",
        "opis": "вечернее платье без бретелей",
        "types": [0, 1],
        "sizes": [ "S", "M" , "L"],
        "price": 22400,
        "category": 2,
        "rating": 2
      },
      {
        "id": 4,
        "imageUrl": "https://cdn-images.farfetch-contents.com/17/67/96/49/17679649_04f3192b-fae4-4c74-bfd3-af7cf63bb35a_1000.jpg",
        "name": "Versace",
        "opis": "Barocco Goddess с декором Safety Pin",
        "types": [0, 1],
        "sizes": [ "S", "L"],
        "price": 13800,
        "category": 2,
        "rating": 8
      },
      {
        "id": 5,
        "imageUrl": "https://cdn-images.farfetch-contents.com/18/39/60/00/18396000_39410676_1000.jpg",
        "name": "Off-White",
        "opis": "платье с цветочным принтом",
        "types": [0, 1],
        "sizes": [ "S", "M" , "L"],
        "price": 28700,
        "category": 2,
        "rating": 2
      },
      {
        "id": 6,
        "imageUrl": "https://cdn-images.farfetch-contents.com/15/30/49/27/15304927_27867652_1000.jpg",
        "name": "Frankie Shop",
        "opis": "брюки Bea со складками",
        "types": [0, 1],
        "sizes": [ "S", "M" , "L"],
        "price": 31500,
        "category": 4,
        "rating": 9
      },
      {
        "id": 7,
        "imageUrl": "https://cdn-images.farfetch-contents.com/17/53/38/07/17533807_39222337_1000.jpg",
        "name": "Miaou",
        "opis": "Venus с цветочным принтом",
        "types": [0, 1],
        "sizes": [ "S",  "L"],
        "price": 12200,
        "category": 0,
        "rating": 10
      },
      {
        "id": 8,
        "imageUrl": "https://cdn-images.farfetch-contents.com/17/73/06/71/17730671_38976986_1000.jpg",
        "name": "Balenciaga",
        "opis": "укороченный джемпер с логотипом",
        "types": [0, 1],
        "sizes": [ "S", "M" , "L"],
        "price": 58800,
        "category": 5,
        "rating": 10
      },
      {
        "id": 9,
        "imageUrl": "https://cdn-images.farfetch-contents.com/15/79/75/53/15797553_35958066_1000.jpg",
        "name": "Spanx",
        "opis": "легинсы из искусственной кожи",
        "types": [0, 1],
        "sizes": [ "S", "M" ],
        "price": 5800,
        "category": 4,
        "rating": 5
      },
      {
        "id": 10,
        "imageUrl": "https://cdn-images.farfetch-contents.com/18/43/44/23/18434423_39539695_1000.jpg",
        "name": "Versace",
        "opis": "шелковое укороченное худи Medusa Renaissance",
        "types": [0, 1],
        "sizes": [ "S", "M" ],
        "price":  44100,
        "category": 0,
        "rating": 7
      },
      {
        "id": 11,
        "imageUrl": "https://cdn-images.farfetch-contents.com/18/32/28/00/18322800_39601815_1000.jpg",
        "name": "Off-White",
        "opis": "топ из тюля",
        "types": [0, 1],
        "sizes": [ "S", "M" ],
        "price": 22600,
        "category": 0,
        "rating": 8
      }
    ]
  }